<?xml version="1.0" encoding="UTF-8"?>
<addon id="plugin.video.f4mTester" version="3.0.3" name="f4mTester" provider-name="Equipe F4Mtester">
    <requires>
        <import addon="xbmc.python" version="3.0.0"/>
        <import addon="script.module.six" />
        <import addon="script.module.kodi-six" />
	    <import addon="script.module.requests"/>
	    <import addon="script.video.F4mProxy" version="2.8.1"/>		
        <import addon="inputstream.ffmpegdirect"/>
		<import addon="script.module.netunblock"/>
    </requires>
    <extension point="xbmc.python.pluginsource" library="default.py">
        <provides>video</provides>
    </extension>  
    <extension point="xbmc.addon.metadata">
        <summary lang="en">f4mTester</summary>
        <description></description>
        <platform>all</platform>
        <assets>
			<icon>icon.png</icon>
		</assets>
    </extension>
</addon>
